Title,"Product ID",Type,Status,Permalink,Sku,"Current Price","Regular Price","Sale Price",Downloadable,Virtual,Cogs,"Managing Stock","In Stock","Stock Quantity","Backorders Allowed",Weight,Barcode,Brand,"Tax Status","Tax Class","Shipping Class","Reviews Allowed","Average Rating","Rating Count",Atts,Dimensions,"Low Stock Amount","Sold Individually","Catalog Visibility","Product Created At","Product Updated At",Image,Description,Tags,"Category IDs","Category Names","Gross Items Sold","Items Sold","Gross Sales","Total Tax","Total Discounted","Total Refunds","Items Refunded","Refund Rate","First Sold","Last Sold","Net Sales","Net Orders","Gross Items Sold Free","Daily Gross Items Sold","Days Of Stock Left","Sales Cost","Sales Profit","Sales Margin","Inventory Cost","Inventory Sale Value"
"Merry Goat Round",943,simple,publish,https://fireflyfarms.com/product/merry-goat-round/,891995000034,9.99,9.99,0.00,,,4.28,1,1,39,,1,,,taxable,,,1,5.00,7,,"{""length"":""6"",""width"":""4"",""height"":""2.5""}",,,visible,"2022-06-27 14:12:02","2026-03-15 12:25:17",https://fireflyfarms.com/wp-content/uploads/FFF-MGR-Packaged-Product-Image-Front.jpg,"<p>Merry Goat Round is our best-selling retail cheese for good reason. Actually, quite a few reasons. The super creamy texture. The oh-so-clean flavor. And that rind? It’s soft and bloomy and is edible at any stage of ripening. (Little secret: the fullest flavor is concentrated in the rind. You’re welcome.) Chefs and caterers agree, this one deserves a giant ‘round’ of applause.</p>
",,88,"FireFly Cheese",514.00,510.00,5016.69,0.00,116.18,-51.94,-4.00,0.78,"2023-02-09 17:48:12","2026-02-24 21:48:00",4964.75,196,7.00,0.35,111,1258.32,3706.43,74.65,166.92,389.61
"Cabra LaMancha",930,simple,publish,https://fireflyfarms.com/product/cabra-lamancha/,6731782C,15.99,15.99,0.00,,,7.99,,1,,,8,,,taxable,,,1,5.00,4,"[{""id"":0,""name"":""Weight"",""slug"":""Weight"",""position"":0,""visible"":true,""variation"":true,""options"":[""1\/2-lb""]}]","{""length"":""6"",""width"":""4"",""height"":""2.5""}",,,visible,"2022-06-27 09:51:20","2026-03-14 09:58:59",https://fireflyfarms.com/wp-content/uploads/P1013100-e1727623295768.jpg,"<p>Inspired by cheeses produced high in the Pyrenees mountains of northern Spain’s Basque region. As they age for 90 days, our cheese makers hand wash, dry brush, and flip each one of these brined orange beauties over and over again until they’re ready. Bello!</p>
<p><em>Product ships in a 1/2 lb wedge. </em></p>
",,25,Uncategorized,216.00,214.00,3484.47,0.00,65.61,-31.98,-2.00,0.93,"2023-05-31 10:50:28","2026-03-05 20:33:34",3452.49,145,1.00,0.15,,1190.51,2261.98,65.52,0.00,0.00
"FireFly Cheese Club",4116,variable-subscription,publish,https://fireflyfarms.com/product/firefly-cheese-club/,199899976,99.00,0.00,0.00,,,,1,1,,,16,,,taxable,,,1,0.00,,"[{""id"":0,""name"":""Subscription Duration"",""slug"":""Subscription Duration"",""position"":0,""visible"":false,""variation"":true,""options"":[""3 months"",""6 months"",""12 months""]}]","{""length"":""4"",""width"":""4"",""height"":""4""}",,1,hidden,"2023-12-23 00:30:48","2025-11-16 18:33:43",https://fireflyfarms.com/wp-content/uploads/wholesale-header.jpg,"<p>Each month’s box includes three cheeses from FireFly Farms and other producers, along with pairings (jams, nuts, dried fruit) and crackers. Past months have featured our Merry Goat Round, a wedge of Cabra la Mancha, Thomasville Tomme, a sweet piece of real honeycomb, lime and saffron almonds, and olive oil crisps.</p>
<p><strong>December&#8217;s </strong>subscription box included a wedge of spiced cranberry cheese, spruce tip jelly, gingerbread, vanilla rum cashews, and more!</p>
<p>More than just a subscription, joining our cheese club comes with member perks like:</p>
<div class=""elementor-element elementor-element-a0a833e elementor-widget elementor-widget-text-editor"" data-id=""a0a833e"" data-element_type=""widget"" data-widget_type=""text-editor.default"">
<div class=""elementor-widget-container"">
<ul>
<li>Exclusive products not otherwise available for purchase</li>
<li>Member Appreciation Month (20% off sitewide)</li>
<li>Your very own cheese notebook, where you can take notes on all your favorite cheeses and pairings</li>
<li>Member merch, like t-shirts and stickers</li>
<li>Pairing suggestions and information about producers we feature</li>
</ul>
<p>And yes, you can purchase a Cheese Club membership as a gift! Your recipient will get all the benefits of membership, as well as the ability to manage shipping dates and access their subscription account.</p>
</div>
</div>
<p><em>Ships free to the continental U.S. Cancel any time by logging into your account or by emailing shop@fireflyfarms.com with your request.</em></p>
",,63,"Subscription Boxes",196.00,194.00,15107.40,0.00,831.60,-198.00,-2.00,1.02,"2023-12-28 08:22:31","2025-06-01 07:53:43",14909.40,194,42.00,0.13,,0.00,14909.40,100.00,0.00,0.00
"Black & Blue",937,simple,publish,https://fireflyfarms.com/product/black-blue/,128954PP,15.99,15.99,0.00,,,6.00,,1,,,1,,,taxable,,,1,5.00,1,"[{""id"":0,""name"":""Weight"",""slug"":""Weight"",""position"":0,""visible"":true,""variation"":true,""options"":[""1\/2-lb""]}]","{""length"":""6"",""width"":""4"",""height"":""2.5""}",,,visible,"2022-06-27 13:01:22","2026-03-13 19:00:23",https://fireflyfarms.com/wp-content/uploads/FFF-Black-_-Blue-Packaged-Product-Image-Front.jpg,"<p>When it comes to beautiful blues, goats are the new cows. Well, not quite, but the playing field has been leveled. Black &amp; Blue’s dense, buttery, and stark white interior is as gorgeous to look at as it is to savor—with exactly the right amount of sweetness, making it appealing to just about any level of blue cheese fan.</p>
<p><em>Product ships in a 1/2lb wedge</em></p>
",,88,"FireFly Cheese",184.00,184.00,3066.66,0.00,30.81,-16.79,0.00,0.00,"2023-05-31 11:12:27","2026-03-12 08:53:47",3049.87,132,0.00,0.13,,624.00,2425.87,79.54,0.00,0.00
"Merry Goat Round Spruce Reserve",1903,simple,publish,https://fireflyfarms.com/product/merry-goat-round-spruce-reserve/,897735GS,19.99,19.99,0.00,,,7.58,,1,,,1,,,taxable,,,1,5.00,4,,"{""length"":""6"",""width"":""4"",""height"":""2.5""}",,,visible,"2022-07-27 21:10:20","2026-03-12 09:58:40",https://fireflyfarms.com/wp-content/uploads/FFF-MGR-Spruce-Reserve-Packaged-Product-Image-Front.jpg,"<p>Next time you’re in a forest full of spruce trees, take a long, deep breath. That’s the subtle aroma you’ll get from this spoonable, spreadable, spruce-bark wrapped softie that’s aged and aromatic.</p>
",,88,"FireFly Cheese",186.00,184.00,3517.83,0.00,103.31,-39.98,-2.00,1.08,"2023-03-06 14:14:41","2026-03-14 16:50:20",3477.85,86,1.00,0.13,,704.94,2772.91,79.73,0.00,0.00
"Fresh Goat Cheese",953,simple,publish,https://fireflyfarms.com/product/fresh-goat-cheese/,891995000010,4.99,4.99,0.00,,,2.00,1,1,82,,4,,,taxable,,,1,5.00,4,,"{""length"":""6"",""width"":""3.8"",""height"":""2""}",,,visible,"2022-06-27 14:47:54","2026-03-15 12:24:35",https://fireflyfarms.com/wp-content/uploads/FFF-FGC-Packaged-Product-Image-Front.jpg,"<p>This creamy superstar is made from milk sourced from local farms. Always. Processed within 24 hours. Always. (Yes, we’re that fresh-obsessed.) No“goaty-funky-ness.” Just a clean, mild flavor with a bright, citrus-y personality. Always.</p>
",,88,"FireFly Cheese",176.00,176.00,866.81,0.00,11.43,-4.99,0.00,0.00,"2023-04-17 12:47:46","2026-03-12 20:21:29",861.82,81,1.00,0.12,683,220.00,641.82,74.47,164.00,409.18
"Bloomy Breeze",940,simple,publish,https://fireflyfarms.com/product/bloomy-breeze/,891995000140,8.99,8.99,0.00,,,4.00,1,1,75,,8,,,taxable,,,1,5.00,2,,"{""length"":""6"",""width"":""4"",""height"":""2.5""}",,,visible,"2022-06-27 13:49:41","2026-03-09 04:32:09",https://fireflyfarms.com/wp-content/uploads/FFF-BLBR-Packaged-Product-Image-Front.jpg,"<p>A perfect blend of fresh milk from Jersey and Holstein cows makes for a rich, luscious, soft-ripened favorite. Aged carefully for three weeks, then wrapped for soft-ripening over the course of the next few weeks — from the rind inward! Its edible rind is velvety white and bloomy. Hence the name. And the widespread adoration.</p>
",,88,"FireFly Cheese",176.00,171.00,1556.23,0.00,22.01,-53.94,-5.00,2.84,"2023-03-13 12:54:46","2026-02-24 15:52:39",1502.29,95,0.00,0.12,625,476.00,1026.29,68.32,300.00,674.25
"Mountain Top",950,simple,publish,https://fireflyfarms.com/product/mountain-top/,891995000027,10.99,10.99,0.00,,,4.84,1,1,70,,1,,,taxable,,,1,5.00,3,,"{""length"":""6"",""width"":""4"",""height"":""4.5""}",,,visible,"2022-06-27 14:33:42","2026-03-14 17:48:11",https://fireflyfarms.com/wp-content/uploads/FFF-MT-Packaged-New-Label-scaled.jpg,"<p>Creamy, mild and rich, MountainTop is one of our most innovative cheeses. This cheese takes the classic pyramid Valençay shape, yet uses blue as a ripening agent instead of the traditional ash. This is our single-most awarded cheese, and we couldn’t be prouder.</p>
",,88,"FireFly Cheese",172.00,170.00,1831.48,0.00,42.30,-21.98,-2.00,1.16,"2023-03-13 12:54:46","2026-03-14 16:50:20",1809.50,116,1.00,0.12,583,435.60,1373.90,75.93,338.80,769.30
"Cave Dweller",947,simple,publish,https://fireflyfarms.com/product/cave-dweller/,726909KK,15.99,15.99,0.00,,,7.12,,1,,,3.8,,,taxable,,,1,0.00,,"[{""id"":0,""name"":""Weight"",""slug"":""Weight"",""position"":0,""visible"":true,""variation"":true,""options"":[""1\/2-lb wedge""]}]","{""length"":""2"",""width"":""4"",""height"":""2""}",,,visible,"2022-06-27 14:21:58","2025-11-23 02:07:37",https://fireflyfarms.com/wp-content/uploads/cave-dweller-cheese-pack.jpg,"<p>You can’t rush something this good. It takes our Cave Dweller eight-to-twelve months to develop its sweet and sharp flavor. Made in the “Italian style,” the curd is “cooked” and stirred in its whey, making it first denser and harder then nuttier and more complex with each passing day.</p>
<p><em>Product ships in a 1/2lb wedge</em></p>
",,88,"FireFly Cheese",97.00,95.00,1505.79,0.00,45.27,-31.98,-2.00,2.06,"2023-08-23 01:57:23","2026-03-14 16:50:20",1473.81,85,1.00,0.07,,427.20,1046.61,71.01,0.00,0.00
"Carpenter's Wheel",2078,simple,publish,https://fireflyfarms.com/product/carpenters-wheel/,544502G,15.99,15.99,0.00,,,7.99,1,1,10,,8,,,taxable,,,,0.00,,"[{""id"":0,""name"":""Weight"",""slug"":""Weight"",""position"":0,""visible"":true,""variation"":true,""options"":[""1\/2-lb wedge""]}]","{""length"":""2"",""width"":""1"",""height"":""2""}",,,visible,"2022-08-05 09:09:09","2026-03-05 20:33:37",https://fireflyfarms.com/wp-content/uploads/CarpentersWheel_7.jpg,"<p>We make this one-of-a-kind hard goat cheese in partnership with Murray&#8217;s Cheese in New York (original production goes back to the now-closed Crown Finish Caves in Brooklyn). Here in the creamery, we cook the curd in its own whey, and then let it form in our largest molds. Murray&#8217;s ages the huge wheels in their own caves, where the flavor ripens and becomes nuttier with each passing day. The barn quilt label honors the terroir of our region and the red barn where FireFly Farms began.</p>
<p><em>Product ships in a 1/2lb wedge</em></p>
",,36,"Our Cheeses",82.00,82.00,1277.61,0.00,33.57,-15.99,0.00,0.00,"2023-12-01 04:49:36","2026-03-05 20:33:34",1261.62,64,1.00,0.06,167,423.47,838.15,66.43,79.90,159.90
"FireFly Farms Christmas Sampler",2983,simple,publish,https://fireflyfarms.com/product/christmas-sampler/,1224xm,79.99,79.99,0.00,,,37.49,1,,,,37.5,,,taxable,,,,0.00,,,"{""length"":""6"",""width"":""6"",""height"":""4""}",,,hidden,"2022-11-30 19:44:46","2026-01-19 17:32:02",https://fireflyfarms.com/wp-content/uploads/Christmas_sampler_hero2-scaled.jpg,"<p>When the winter holidays come around, you know you want a little extra in the fridge, something tasty in your cheese drawer, and delicious foods to treat your guests with. FireFly Farms has you covered with this holiday sampler, which features our Merry Goat Round Spruce Reserve, a wedge of hearty Carpenter&#8217;s Wheel, Alaskan spruce tip jelly, Loukanika salami from Driftless Provisions, Potter&#8217;s winter wheat crackers, chocolate orange cardamom almonds, and a mini gingerbread cookies from rustic bakery. Go ahead, treat yourself! (Also makes a wonderful gift).</p>
<p><em>FedEx overnight delivery by 12/23 (order by 12/21). Order by Friday, December 26th, 11:59pm EST to ensure delivery by January 1.</em></p>
<p>Ingredients: <strong>FireFly Farms Cheeses </strong>(Pasteurized Goat Milk, Salt, Enzymes, Calcium Chloride, Cheese Cultures), <strong>Alaskan Spruce Tip Jelly </strong>(Spruce Tip Infusion [Water, Spruce Tips], Sugar, Pectin), <strong>Loukanika Salami </strong>(Humanely raised pork, Salt, Dextrose, Garlic, Cumin, Orange Zest, Swiss Chard Powder, Lactic Acid Starter Culture), <strong>Potter&#8217;s Winter Wheat Crackers </strong>(Wheat Flour, Water, Canola Oil, Cracked Wheat, Cane Sugar, Salt, Baking Powder [Corn Starch, Sodium Bicarbonate, Monocalcium Phosphate], and Black Pepper), <strong>Chocolate Orange Cardamom Almonds </strong>(Almonds, Stone ground organic dark chocolate, raw organic cane sugar, fresh orange peel, and ground cardamom), <strong>Rustic Bakery Gingerbread Cookies </strong>(Unbleached Enriched Wheat Flour [wheat flour, niacin, reduced iron, thiamine, mononitrate, riboflavin, folic acid, enzyme], Butter [cream, natural flavors], Organic Powdered Sugar [organic sugar, organic corn starch], Cane Sugar, Non-GMO Molasses, Eggs [eggs, citric acid], non-GMO Glucose Syrup, Whole Milk, Spices, Cocoa Powder, Sea Salt, Baking Soda).</p>
<p>&nbsp;</p>
",,64,"Sampler Boxes",82.00,82.00,6303.18,0.00,31.00,0.00,0.00,0.00,"2022-12-05 14:42:05","2025-12-19 15:50:00",6303.18,80,0.00,0.06,,1387.13,4916.05,77.99,0.00,0.00
"Barely Blue — sampler box",2800,simple,publish,https://fireflyfarms.com/product/barely-blue/,819910890,49.99,49.99,0.00,,,24.99,,1,,,16,,,taxable,,,,0.00,,,"{""length"":""6"",""width"":""2"",""height"":""2""}",,,hidden,"2022-10-18 11:11:00","2026-03-15 06:17:01",https://fireflyfarms.com/wp-content/uploads/IMG_9611-scaled.jpg,"<p>Mountain Top is an innovative pyramid-shaped goat&#8217;s milk cheese with a light dusting of blue and white mold and a mild, nutty interior. White Rock, more like a young cheddar, is the sister cheese, made from the extra curd when we cut Mountain Top to size and aged separately so it never develops surface mold. Between the two you can enjoy the products of two different cheesemaking methods and celebrate our commitment to keeping waste to a minimum. In this sampler we&#8217;ve also included a Blueberry Sumac jam from BRINS and Firehook Sea Salted Crackers. Delightful with a mineral white wine.</p>
<p>1 6-oz MT ~ 1 8-oz White Rock ~ 1 BRINS Blueberry Sumac Jam ~ Cradoc&#8217;s Sea Salted Crackers</p>
<p><em>Due to the seasonal nature of milk production and the small producers we work with, product availability may change. We will make every effort to inform our customers of changes and to substitute high quality products if certain items are not available. If you have any questions about your order, please <a href=""https://fireflyfarms.com/contact/"">contact us.</a></em></p>
",,64,"Sampler Boxes",66.00,65.00,2454.87,0.00,50.00,-35.00,-1.00,1.52,"2022-10-18 16:15:51","2024-12-10 15:18:44",2419.87,65,1.00,0.05,,174.93,2244.94,92.77,0.00,0.00
"Moo & Blue",934,simple,publish,https://fireflyfarms.com/product/moo-blue/,798469MB,12.99,12.99,0.00,,,6.49,,1,,,1,,,taxable,,,1,5.00,2,"[{""id"":0,""name"":""Weight"",""slug"":""Weight"",""position"":0,""visible"":true,""variation"":true,""options"":[""1\/2-lb""]}]","{""length"":""6"",""width"":""4"",""height"":""2.5""}",,,visible,"2022-06-27 11:45:27","2026-03-12 17:46:18",https://fireflyfarms.com/wp-content/uploads/FFF-Moo-_-Blue-Packaged-Product-Image-Front.jpg,"<p>With the deep buttery richness of a classic blue cheese, our all cow’s milk blue isn’t bitter like many blue cheeses can be. There’s a lingering sweetness there and a notably clean flavor. Aged for at least 4 months, it may be unique, but it’s still true blue.</p>
<p><em>Product ships in a 1/2lb wedge. </em></p>
",,88,"FireFly Cheese",67.00,63.00,895.43,0.00,20.05,-54.97,-4.00,5.97,"2023-05-31 10:58:18","2026-03-12 08:53:47",840.46,54,0.00,0.05,,227.15,613.31,72.97,0.00,0.00
"Mother's Day Gift Box",3351,simple,publish,https://fireflyfarms.com/product/mothers-day/,0414md,68.00,68.00,0.00,,,,1,,,,16,,,taxable,,,,0.00,,,"{""length"":""4"",""width"":""6"",""height"":""6""}",,,hidden,"2023-04-13 22:01:16","2025-09-20 16:03:07",https://fireflyfarms.com/wp-content/uploads/AdobeStock_64459509-scaled.jpeg,"<div>
<div>Mom will be overjoyed to open this flower-themed box full of spring goodness! Two FireFly cheeses and a lovely hard cheese called Seven Sisters from the Farm at Doe Run are paired with lavender rhubarb preserves, lavender rose dark chocolate, flower crackers, and your gift message handwritten on a plantable lavender card! This sampler sells out fast, so place your order now, and we&#8217;ll ship it to mom just in time for Mother&#8217;s Day on May 11.</div>
</div>
<div>______________________________________________</div>
<ul>
<li><em>FireFly Farms Fresh Goat Cheese ~ FireFly Farms Bloomy Breeze  ~  ~ 1/4lb Seven Sisters (The Farm at Doe Run) ~ Girl Meets Dirt Rhubarb Lavender Spoon Preserves ~ Spring &amp; Mulberry Lavender Rose Date Sweetened Fine Chocolate with Bee Pollen ~ Flouwer Crackers ~ Plantable Lavender Wildseed Card in Glassine Sleeve</em></li>
<li><em>Wrapping not as pictured. Order by Tuesday, May 6, 11:59pm EST to ensure delivery by Mother&#8217;s Day, 05/11. </em></li>
<li><em>If one of the items in the collection is unavailable or does not meet our standards, we may substitute an item of equal or greater value.</em></li>
</ul>
",,64,"Sampler Boxes",54.00,54.00,3260.32,0.00,19.60,0.00,0.00,0.00,"2023-04-14 09:23:51","2025-05-08 06:08:38",3260.32,52,0.00,0.04,,0.00,3260.32,100.00,0.00,0.00
"All Goat",3990,simple,publish,https://fireflyfarms.com/product/all-goat/,81991GOAT,130.00,130.00,0.00,,,,1,,,,16,,,taxable,,,1,5.00,1,,"{""length"":""11.25"",""width"":""8.75"",""height"":""7.75""}",,,hidden,"2023-12-05 17:43:50","2025-12-13 13:14:29",https://fireflyfarms.com/wp-content/uploads/FFF_Group_Goat_Cheese_Collection_Flat-scaled.jpg,"<p>All our goat cheeses in one box! Cabra LaMancha, Cave Dweller, MountainTop, Spruce Reserve, Merry Goat Round, White Rock, Fresh Goat Cheese, and Black &amp; Blue. For those who know what they love and want to share it.</p>
<p>1/2lb Cabra LaMancha ~ 1/2lb Cave Dweller ~ 1 Merry Goat Round ~ ~ 1 Merry Goat Round Spruce Reserve ~ 1/2lb White Rock ~ 1/2lb Black &amp; Blue ~ 1 log Fresh Goat Cheese ~ 1 MountainTop</p>
<p><em>Due to the seasonal nature of milk production and the small producers we work with, product availability may change. We will make every effort to inform our customers of changes and to substitute high quality products if certain items are not available. If you have any questions about your order, please </em><em><a href=""https://fireflyfarms.com/contact/"">contact us.</a></em></p>
",,64,"Sampler Boxes",53.00,53.00,6284.24,0.00,75.76,-115.00,0.00,0.00,"2023-12-08 09:56:07","2025-11-22 05:26:43",6169.24,52,0.00,0.04,,0.00,6169.24,100.00,0.00,0.00
"White Rock",4602,simple,publish,https://fireflyfarms.com/product/white-rock/,165394W,11.50,11.50,0.00,,,,1,1,35,,1,,,taxable,,,1,0.00,,,"{""length"":""6"",""width"":""4"",""height"":""2.5""}",,,visible,"2024-09-29 11:22:35","2026-03-05 20:33:37",https://fireflyfarms.com/wp-content/uploads/P1013108-2-e1727626930932.jpg,"<p>A mild aged goat cheese with a gorgeous texture and delicate flavor, that&#8217;s crumbly, melty, and creamy all at the same time. The sister cheese to our Mountain Top.</p>
",,36,"Our Cheeses",47.00,47.00,525.55,0.00,14.95,0.00,0.00,0.00,"2024-11-10 10:00:06","2026-03-05 20:33:34",525.55,41,1.00,0.03,1167,0.00,525.55,100.00,,402.50
"All Spruced Up — sampler box",2772,simple,publish,https://fireflyfarms.com/product/spruced-up/,1013spr,55.00,55.00,0.00,,,27.50,1,,,,16,,,taxable,,,,0.00,,,"{""length"":""6"",""width"":""2"",""height"":""2""}",,,hidden,"2022-10-13 13:55:49","2025-11-22 15:35:13",https://fireflyfarms.com/wp-content/uploads/IMG_9593-scaled.jpg,"<p>Our award-winning Merry Goat Round Spruce Reserve is wrapped in spruce bark and then aged until it&#8217;s creamy and fragrant. There&#8217;s surely nothing better than slicing off the top of one of these wheels, breathing in the smell of spruce, and scooping out the inside using crusty bread or crackers. This box features two of our award-winning Spruce Reserve wheels and Firehook Sea Salted Crackers, along with a jar of local honey. Champagne recommended, but not included.</p>
<p>2 Merry Goat Round Spruce Reserve ~ 1 16-oz Bearded Bee honey ~ Firehook Sea Salted Crackers</p>
<p><em>Due to the seasonal nature of milk production and the small producers we work with, product availability may change. We will make every effort to inform our customers of changes and to substitute high quality products if certain items are not available. If you have any questions about your order, please <a href=""https://fireflyfarms.com/contact/"">contact us.</a></em></p>
",,64,"Sampler Boxes",47.00,45.00,2425.00,0.00,15.00,-105.00,-2.00,4.26,"2022-10-18 16:15:51","2024-12-18 11:41:27",2320.00,43,0.00,0.03,,302.50,2017.50,86.96,0.00,0.00
"Taste of Fall",2884,simple,publish,https://fireflyfarms.com/product/taste-of-fall/,1110tof,49.99,49.99,0.00,,,27.50,1,,,,37.5,,,taxable,,,,0.00,,,"{""length"":""2"",""width"":""2"",""height"":""4""}",,,hidden,"2022-11-10 16:24:03","2025-09-20 16:03:07",https://fireflyfarms.com/wp-content/uploads/AdobeStock_56270775-scaled.jpeg,"<p>It&#8217;s the taste of fall! Nutty aged goat cheese (FireFly Farms Cave Dweller), mouthwatering creamy brie (FireFly Farms Bloomy Breeze), local pesticide-free pear butter from our neighbors at Deep Creek Cellars, and some cranberry  crisps to serve.</p>
<p>1 mini wheel FireFly Farms Bloomy Breeze ~ 1/2 lb FireFly Farms Cave Dweller ~ 1 Deep Creek Cellars Pear Butter ~ 1 Maine Crisp Cranberry Almond Buckwheat Crackers</p>
",,95,Website,38.00,37.00,1824.62,0.00,0.00,-49.99,-1.00,2.63,"2022-11-11 10:22:04","2023-12-17 14:40:36",1774.63,35,0.00,0.03,,0.00,1774.63,100.00,0.00,0.00
"Honey honey — sampler box",2802,simple,publish,https://fireflyfarms.com/product/honey-honey/,189764444,55.00,55.00,0.00,,,27.50,,1,,,37.5,,,taxable,,,,0.00,,,"{""length"":""11.25"",""width"":""8.75"",""height"":""7.75""}",,,hidden,"2022-10-18 11:23:23","2025-09-20 16:03:03",https://fireflyfarms.com/wp-content/uploads/IMG_9637-scaled.jpg,"<p>Our washed rind Cabra LaMancha pairs perfectly with local Bearded Bee wildflower honey. Try with a hearty stout or porter (not included) for a match made in heaven!</p>
<p>1 LB CLM ~ 16-oz Bearded Bee honey ~ Firehook Sea Salted Crackers</p>
<p><em>Due to the seasonal nature of milk production and the small producers we work with, product availability may change. We will make every effort to inform our customers of changes and to substitute high quality products if certain items are not available. If you have any questions about your order, please <a href=""https://fireflyfarms.com/contact/"">contact us.</a></em></p>
",,64,"Sampler Boxes",27.00,26.00,1224.50,0.00,5.50,-40.00,-1.00,3.70,"2022-10-18 16:24:50","2024-12-10 15:04:49",1184.50,25,0.00,0.02,,192.50,992.00,83.75,0.00,0.00
"The Heritage Sampler",3985,simple,publish,https://fireflyfarms.com/product/the-heritage-sampler/,819910890-1-1,39.99,39.99,0.00,,,,,1,,,16,,,taxable,,,,0.00,,,"{""length"":""11.25"",""width"":""8.75"",""height"":""7.75""}",,,hidden,"2023-12-05 17:16:58","2026-03-14 16:17:22",https://fireflyfarms.com/wp-content/uploads/Plaid-copy.jpg,"<p>Initially begun as a partnership with Crown Finish Caves, and re-launched in 2023 with Murray&#8217;s Cheese, our cave-aged Carpenter&#8217;s Wheel is well on its way to becoming an American classic. We craft heavy pure goat&#8217;s milk wheels at our creamery and then send them to Long Island City, NY to age for a minimum of 6-months in Murray&#8217;s Caves. Nutty, caramelly, and full of Appalachian <em>terroir</em>, Carpenter&#8217;s Wheel shines as an example of crossing the rural-urban divide. Add in some maple bourbon apple butter from Frog Hollow Farmstead, and you&#8217;ve got a pairing that&#8217;s both elevated and simple. Also includes Firehook crackers.</p>
<p>1/2lb Carpenter&#8217;s Wheel ~ Frog Hollow Farmstead Maple Bourbon Apple Butter ~ Firehook sea salt crackers</p>
<p><em>Due to the seasonal nature of milk production and the small producers we work with, product availability may change. We will make every effort to inform our customers of changes and to substitute high quality products if certain items are not available. If you have any questions about your order, please <a href=""https://fireflyfarms.com/contact/"">contact us.</a></em></p>
",,64,"Sampler Boxes",24.00,24.00,1057.76,0.00,6.00,0.00,0.00,0.00,"2023-12-09 12:34:17","2025-06-04 19:25:44",1057.76,24,0.00,0.02,,0.00,1057.76,100.00,0.00,0.00
"Wensleydale with Cranberry",4677,simple,publish,https://fireflyfarms.com/product/wensleydale/,203709F,9.99,9.99,0.00,,,,1,,,,5,,,taxable,,,,0.00,,"[{""id"":0,""name"":""Weight"",""slug"":""Weight"",""position"":0,""visible"":true,""variation"":true,""options"":[""1\/2-lb wedge""]}]","{""length"":""2"",""width"":""2"",""height"":""4""}",,,hidden,"2024-11-25 11:44:35","2026-01-16 16:26:40",https://fireflyfarms.com/wp-content/uploads/AdobeStock_29743244-scaled.jpeg,"<p>Creamy Wensleydale is one of England’s oldest cheeses, first made there after the Norman invasion, when French monks from the Roquefort region were brought over to practice their cheese-making skills. The Wensleydale pastures give the cheese the unique, refreshing flavor for which it is renowned. This festive version of Wensleydale, handmade in North Yorkshire, is speckled with cranberries. The tart fruit pairs very well with the natural sweet acidity of the cheese.</p>
<p><em>One 5oz wedge</em></p>
",,80,"Other Cheeses",25.00,24.00,317.76,0.00,3.99,-13.99,-1.00,4.00,"2024-11-28 15:51:19","2025-12-18 17:25:33",303.77,21,0.00,0.02,,0.00,303.77,100.00,0.00,0.00
"Red Leicester",11909,simple,publish,https://fireflyfarms.com/product/leicester/,1288629,9.25,9.25,0.00,,,,,1,,,4,,,taxable,,,,0.00,,,"{""length"":""2"",""width"":""4"",""height"":""2""}",,,hidden,"2025-11-23 01:55:09","2026-01-16 16:25:33",https://fireflyfarms.com/wp-content/uploads/Red_Leicester_Transparent.png,"<p>Sparkenhoe&#8217;s Red Leicester is the only handmade raw cow&#8217;s milk Leicester, made in the UK using traditional methods. It&#8217;s bound in muslin cloth and matured for six months on beech wood shelves. This cheese is creamy and nutty, with a sweet, citrus finish.</p>
<p>1/4 lb wedge.</p>
",,80,"Other Cheeses",20.00,20.00,185.00,0.00,0.00,0.00,0.00,0.00,"2025-11-23 11:24:49","2026-01-16 14:43:34",185.00,9,0.00,0.01,,0.00,185.00,100.00,0.00,0.00
"Cow's Milk Sampler",3992,simple,publish,https://fireflyfarms.com/product/cows-milk-sampler/,819910890-1-1-1-1,45.99,45.99,0.00,,,,1,,,,16,,,taxable,,,,0.00,,,"{""length"":""11.25"",""width"":""8.75"",""height"":""7.75""}",,,hidden,"2023-12-05 17:45:30","2025-09-20 16:03:07",https://fireflyfarms.com/wp-content/uploads/FFF_Group_Cows_Milk_Propped_focusFlat-1-scaled.jpg,"<p>This sampler features our two award-winning cow&#8217;s milk cheeses, Moo &amp; Blue and Bloomy Breeze, paired with sweet dried apricots and Marcona almonds. Also includes Cradoc&#8217;s Sea Salted Crackers from Wales.</p>
<p>&nbsp;</p>
<p><em>Image shown is a serving suggestion. Sampler includes products  listed below:</em></p>
<p>1/2lb Moo &amp; Blue ~ 1 Mini Bloomy Breeze ~ 6oz Dried Apricots ~ 6oz Marcona Almonds ~ Cradoc&#8217;s Sea Salted Crackers</p>
<p>&nbsp;</p>
<p><em>Due to the seasonal nature of milk production and the small producers we work with, product availability may change. We will make every effort to inform our customers of changes and to substitute high quality products if certain items are not available. If you have any questions about your order, please <a href=""https://fireflyfarms.com/contact/"">contact us.</a></em></p>
",,64,"Sampler Boxes",18.00,18.00,820.92,0.00,6.90,0.00,0.00,0.00,"2023-12-08 14:17:08","2025-02-14 11:35:10",820.92,18,0.00,0.01,,0.00,820.92,100.00,0.00,0.00
Cabrita,8862,simple,publish,https://fireflyfarms.com/product/cabrita/,7377954,6.99,6.99,0.00,,,,1,,-2,,4,,,taxable,,,,0.00,,,"{""length"":""2"",""width"":""2"",""height"":""4""}",,,,"2025-05-22 19:55:07","2025-06-05 07:39:02",https://fireflyfarms.com/wp-content/uploads/cabrita.jpg,"<p>A soft ripened goat cheese inspired by the French crottin, this limited edition run of Cabrita is soft and pillowy with a delicate rind and spreadable, delicious paste. Enjoy on a fresh baguette with summer berries! Only available through June 1.</p>
",,36,"Our Cheeses",18.00,17.00,125.82,0.00,0.00,-6.99,-1.00,5.56,"2025-05-23 14:22:33","2025-06-04 22:02:45",118.83,11,0.00,0.01,-200,0.00,118.83,100.00,0.00,0.00
"Flouwer Co. Artisanal Crackers",5343,simple,publish,https://fireflyfarms.com/product/flouwer-co-artisanal-crackers/,850015051142,12.99,12.99,0.00,,,,1,,,,3,,,taxable,,,,0.00,,,"{""length"":""2"",""width"":""8"",""height"":""2""}",,,hidden,"2024-12-19 15:39:23","2025-10-04 11:11:08",https://fireflyfarms.com/wp-content/uploads/17163e969b5c4d6c5807f157b42d48dbe0408524e8b509a641e6ad6ea14d559f.webp,"<p>These are some of our favorite crackers, and they work with all of our cheeses. Flouwer Co. handcrafts all natural, plant-based, artisanal crackers with edible flowers and fresh herbs! This colorful cracker is full of edible flowers as well as garden herbs like woody rosemary, fresh dill, and a burst of chive. Well deserving of space on any charcuterie board.</p>
",,92,Savory,22.00,13.00,269.94,0.00,0.00,-113.94,-9.00,40.91,"2025-01-04 12:16:45","2025-10-03 19:18:01",156.00,9,0.00,0.02,,0.00,156.00,100.00,0.00,0.00
"FireFly Sampler",12644,simple,publish,https://fireflyfarms.com/product/mixed-sampler/,8199MIXED,59.99,59.99,0.00,,,,1,1,37,,32,,,taxable,,,1,0.00,,,"{""length"":""5"",""width"":""4"",""height"":""4""}",,,visible,"2025-12-13 13:14:37","2026-03-03 01:09:51",https://fireflyfarms.com/wp-content/uploads/wholesale-header.jpg,"<p>Monger&#8217;s choice! Six FireFly cheeses in one box. This box is the perfect introduction to our award-winning selection. We hand-pick the cheeses based on availability and what&#8217;s looking the best on the shelf. Due to the seasonal nature of milk production and the small producers we work with, product availability changes (unfortunately, this makes it impossible for us to honor requests for this particular sampler).</p>
<p><em>If you have any questions about your order, please </em><em><a href=""https://fireflyfarms.com/contact/"">contact us.</a></em></p>
",,64,"Sampler Boxes",13.00,13.00,770.87,0.00,9.00,0.00,0.00,0.00,"2025-12-13 14:42:42","2026-03-03 01:09:48",770.87,12,0.00,0.01,3700,0.00,770.87,100.00,,2219.63
"Jumping Jack",7272,simple,publish,https://fireflyfarms.com/product/jumping-jack/,2200724,15.99,15.99,0.00,,,,1,,,,8,,,taxable,,,,0.00,,,"{""length"":""2"",""width"":""2"",""height"":""2""}",,,,"2025-03-13 06:36:21","2025-06-19 16:26:08",https://fireflyfarms.com/wp-content/uploads/FFF_Single_Hero_Cabra_Mancha_resized.jpg,"<p>For a limited time, we brought back a cheese we haven&#8217;t made in years: Jumping Jack! This is a mild, semi-hard goat cheese with a dusty orange and white rind, reminiscent of the Tommes made high up in the Basque Pyrenees. If you like Cabra LaMancha or Carpenter&#8217;s Wheel, you&#8217;re sure to love Jumping Jack.</p>
<p>1/2lb Jumping Jack</p>
",,36,"Our Cheeses",11.00,11.00,483.89,0.00,0.00,0.00,0.00,0.00,"2025-03-13 14:12:42","2025-06-04 17:12:14",483.89,11,0.00,0.01,,0.00,483.89,100.00,0.00,0.00
"Parra Jimenez Organic Manchego",12544,simple,publish,https://fireflyfarms.com/product/manchego/,1288629-1,14.00,14.00,0.00,,,,,,,,4,,,taxable,,,,0.00,,,"{""length"":""2"",""width"":""4"",""height"":""2""}",,,hidden,"2025-12-10 09:21:57","2026-01-19 17:30:49",https://fireflyfarms.com/wp-content/uploads/AdobeStock_154320767-scaled.jpeg,"<p>This is a true farmstead Queso Manchego aged for a minimum 3 months, made from milk produced by heritage breed black ewes that graze the certified-organic Parra Family vineyard in La Mancha, central Spain. The cheese is semi-firm, with exceptionally high moisture content giving it a creamy mouth feel despite its slightly crumbly profile. The cheese has a zesty, buttery, lanolin scent. Its flavor is nutty, herbaceous, sweet and savory with a slight saltiness. This semi-cured Manchego is moister, more complex, sweeter and less salty than factory-made Manchegos.</p>
<p>The Parra family has lived on and worked the land in La Mancha for generations. The word parra, actually means “stalk” in Spanish and given the local tradition of naming people after their professions, family legend has it that their ancestors cultivated vineyards back in the distant past. Parra Family Organic was founded in 1993 by three brothers: Francisco, Javier and Luis.</p>
<p>1/2 lb wedge.</p>
",,80,"Other Cheeses",11.00,11.00,154.00,0.00,0.00,0.00,0.00,0.00,"2025-12-11 06:53:22","2026-01-19 09:35:43",154.00,8,0.00,0.01,,0.00,154.00,100.00,0.00,0.00
"Winter Blues",3979,simple,publish,https://fireflyfarms.com/product/winter-blues/,819910890-1,49.99,49.99,0.00,,,,1,,,,16,,,taxable,,,,0.00,,,"{""length"":""11.25"",""width"":""8.75"",""height"":""7.75""}",,,hidden,"2023-12-05 17:02:20","2025-09-20 16:03:07",https://fireflyfarms.com/wp-content/uploads/FFF_Group_Blue_Cheese_21804-1-scaled.jpg,"<p>Winter is a time for aged cheeses and a bit of spiciness to counteract the cold and gloom. Enter our award-winning Moo &amp; Blue and Black &amp; Blue. Now for the first time in one sampler, you can enjoy both of our aged cow&#8217;s and goat&#8217;s milk blues, along with a bar of gingerbread dark chocolate and, to keep things blue-themed, a jar of blueberry pecan jam. Add a bag of our favorite imported Turkish dried apricots, and you&#8217;re all set for the winter blizzards! (Mulled wine not included).</p>
<p>1/2lb Black &amp; Blue ~ 1/2lb Moo &amp; Blue ~  Taza Gingerbread Chocolate Bar  ~ 6oz Dried Apricots ~ Terrapin Ridge Farms 5oz Blueberry Bourbon Pecan Jam</p>
",,64,"Sampler Boxes",10.00,10.00,499.90,0.00,0.00,0.00,0.00,0.00,"2023-12-09 12:34:17","2024-02-20 10:57:26",499.90,10,0.00,0.01,,0.00,499.90,100.00,0.00,0.00
"American Cheese Month Sampler",4321,simple,publish,https://fireflyfarms.com/product/acm/,819910890-1-1-1-2,129.00,129.00,0.00,,,,1,,,,16,,,taxable,,,,0.00,,,"{""length"":""11.25"",""width"":""8.75"",""height"":""7.75""}",,,,"2024-04-22 06:55:59","2024-06-10 12:55:21",https://fireflyfarms.com/wp-content/uploads/Sveshnikov_FireflyFarms_Packaging-3.jpg,"<p>All our cheeses in one box! This is for all the FireFly fans out there, Maryland lovers, and everyone who wants to support artisan American cheese this month. Available only through May 31.</p>
<p>1/2lb Cabra LaMancha ~ 1/2lb Cave Dweller ~ 1 Merry Goat Round ~ 1 Bloomy Breeze ~ 1 Merry Goat Round Spruce Reserve ~ 1/2lb White Rock ~ 1/2lb Black &amp; Blue ~ 1/2lb Moo &amp; Blue ~ 1 log Fresh Goat Cheese ~ 1 MountainTop ~ 1/2lb Carpenter&#8217;s Wheel</p>
<p><em>Due to the seasonal nature of milk production and the small producers we work with, product availability may change. We will make every effort to inform our customers of changes and to substitute high quality products if certain items are not available. If you have any questions about your order, please <a href=""https://fireflyfarms.com/contact/"">contact us.</a></em></p>
",,64,"Sampler Boxes",10.00,10.00,1238.40,0.00,51.60,0.00,0.00,0.00,"2024-04-30 14:53:29","2024-06-09 09:54:33",1238.40,10,0.00,0.01,,0.00,1238.40,100.00,0.00,0.00
"Organic Sourdough Sea Salt Crackers",5347,simple,publish,https://fireflyfarms.com/product/organic-sourdough-sea-salt-crackers/,PP-SC-SS-01-4z,6.99,6.99,0.00,,,,1,,-3,,3,,,taxable,,,,0.00,,,"{""length"":""2"",""width"":""8"",""height"":""2""}",,,hidden,"2024-12-19 16:02:43","2025-10-04 11:11:05",https://fireflyfarms.com/wp-content/uploads/Crackers_Sourdough_front.webp,"<p>These crisp, delicious sourdough crackers are perfect for dipping, topping, and pairing with your favorite spreads or snacks. We love them by the handful, with cheese and jam—these toasty, slightly tangy crackers have a way of tasting good with everything. Better yet, they&#8217;re made with Regenerative Organic Certified wheat from Washington State that helps build healthy soil, healthy ecosystems and healthy communities. The wheat is milled in Washington, too, creating a short supply chain that supports local farmers and reduces Patagonia&#8217;s carbon footprint.</p>
",,92,Savory,11.00,10.00,76.89,0.00,0.00,-6.99,-1.00,9.09,"2025-02-14 11:35:10","2025-06-04 19:25:44",69.90,8,0.00,0.01,-300,0.00,69.90,100.00,0.00,0.00
"Potter's Organic Winter Wheat Crackers",12554,simple,publish,https://fireflyfarms.com/product/potters-crackers/,X021183,7.49,7.49,0.00,,,,1,,,,3,,,taxable,,,,0.00,,,"{""length"":""2"",""width"":""8"",""height"":""2""}",,,visible,"2025-12-10 12:52:02","2026-03-12 20:21:32",https://fireflyfarms.com/wp-content/uploads/Screenshot-2024-08-28-170918.png,"<p>The perfect vehicle for any cheese we sell. We like these crackers because they&#8217;re organic, small batch, and perfectly crispy, with a mild neutral taste of winter wheat. Try with any of our cheeses!</p>
<p>&nbsp;</p>
<p>&nbsp;</p>
",,79,Crackers,10.00,10.00,73.78,0.00,1.12,0.00,0.00,0.00,"2025-12-10 21:33:20","2026-03-12 20:21:29",73.78,8,0.00,0.01,,0.00,73.78,100.00,0.00,0.00
"Big Picture Farm Chocolate Covered Goat Milk Caramels",4634,simple,publish,https://fireflyfarms.com/product/caramels/,bpf-108,16.00,16.00,0.00,,,,1,,,,3,,,taxable,,,,0.00,,,"{""length"":""2"",""width"":""8"",""height"":""2""}",,,,"2024-10-20 07:51:01","2024-12-16 12:34:29",https://fireflyfarms.com/wp-content/uploads/Screenshot-2024-08-28-164217.png,"<p>These award winning sea salt and vanilla farmstead goat milk caramels lovingly dipped in organic, fair trade dark chocolate. Winners of a 2015 SILVER SOFI as well as a 2016 GOOD FOOD AWARD. Each caramel is topped with a cocoa butter impression of one of the goats at Big Picture Farm. A little piece of art. 6 pieces in each box, with a storybook pamphlet inside to accompany the drawings on the caramels. A superior gift if there ever was one.</p>
",,25,Uncategorized,8.00,8.00,128.00,0.00,0.00,0.00,0.00,0.00,"2024-11-02 10:44:51","2024-12-13 20:25:19",128.00,6,0.00,0.01,,0.00,128.00,100.00,0.00,0.00
"Nat's Nuts Cinnamon Whiskey Pecans",5350,simple,publish,https://fireflyfarms.com/product/nats-nuts/,A169413,6.99,6.99,0.00,,,,1,1,12,,3,,,taxable,,,,0.00,,,"{""length"":""2"",""width"":""8"",""height"":""2""}",,,,"2024-12-19 16:22:21","2025-09-04 23:13:10",https://fireflyfarms.com/wp-content/uploads/0189222e0ef24197e595d099fe5292dc5531b22d44a78db76c8937008809ecbd.webp,"<p>These Cinnamon Whiskey Pecans are made with real whiskey and are roasted to perfection! They start with a soft crunch and finish with the perfect balance of Cinnamon and Whiskey. (All of the alcohol is cooked out of this product). Pairs beautifully with blue cheeses.</p>
",,82,"Jams and Sweet Pairings",9.00,8.00,62.91,0.00,0.00,-6.99,-1.00,11.11,"2025-01-04 12:16:45","2025-06-04 19:25:44",55.92,8,0.00,0.01,1200,0.00,55.92,100.00,,83.88
"Cradoc's Sea Salted Crackers",4475,simple,publish,https://fireflyfarms.com/product/cradocs-sea-salted/,819crad,4.99,4.99,0.00,,,,1,,,,3,,,taxable,,,,0.00,,,"{""length"":""2"",""width"":""8"",""height"":""2""}",,,,"2024-07-08 09:09:30","2024-12-16 12:34:46",https://fireflyfarms.com/wp-content/uploads/mermaid-sea-salted-crackers-_clipped_rev_1-2.png,"<p>These are some of our favorite crackers, and they work with all of our cheeses. Crafted by a small, woman-owned company in Wales. Dusted with Halen Mon sea salt, harvested from Anglesey sea water. It doesn&#8217;t hurt that they come in a gorgeous box.</p>
",,79,Crackers,7.00,7.00,34.93,0.00,0.00,0.00,0.00,0.00,"2024-07-11 21:08:00","2024-11-25 08:28:56",34.93,7,0.00,0.00,,0.00,34.93,100.00,0.00,0.00
"Legendary Moo",13261,simple,publish,https://fireflyfarms.com/product/legendary-moo/,R734477-1,18.00,18.00,0.00,,,,1,,,,8,,,taxable,,,,0.00,,,"{""length"":""2"",""width"":""2"",""height"":""4""}",,,visible,"2026-01-16 11:47:24","2026-02-05 17:56:19",https://fireflyfarms.com/wp-content/uploads/FFF_Single_Moo_Blue_21542-scaled.jpg,"<p>This limited-edition cow&#8217;s milk blue is the result of a partnership with Branch Bender Cidery, our neighbors in Accident. We take our Black &amp; Blue wheels after they&#8217;re nearly done aging and soak them in Branch Bender&#8217;s Legends cider for a minimum of two months. The result? An incredible piquant blue with a delicate sweetness and appley aroma. A local collaboration rooted in the <em>terroir </em>of our mountain community.</p>
",,36,"Our Cheeses",7.00,7.00,117.89,0.00,8.11,0.00,0.00,0.00,"2026-01-16 12:36:21","2026-02-05 17:56:14",117.89,4,0.00,0.00,,0.00,117.89,100.00,0.00,0.00
"Legendary Blue",9201,simple,publish,https://fireflyfarms.com/product/legendary-blue/,R734477,18.00,18.00,0.00,,,,1,,,,8,,,taxable,,,,0.00,,,"{""length"":""2"",""width"":""2"",""height"":""4""}",,,,"2025-06-04 16:16:52","2025-06-05 07:38:44",https://fireflyfarms.com/wp-content/uploads/FFF_Single_Hero_Black_Blue_resized-2400x2400-1.jpg,"<p>This limited-edition goat&#8217;s milk blue is the result of a partnership with Branch Bender Cidery, our neighbors in Accident. We take our Black &amp; Blue wheels after they&#8217;re nearly done aging and soak them in Branch Bender&#8217;s Legends cider for a minimum of two months. The result? An incredible piquant blue with a delicate sweetness and appley aroma. A local collaboration rooted in the <em>terroir </em>of our mountain community.</p>
",,36,"Our Cheeses",5.00,5.00,90.00,0.00,0.00,0.00,0.00,0.00,"2025-06-04 16:56:27","2025-06-04 22:02:45",90.00,4,0.00,0.00,,0.00,90.00,100.00,0.00,0.00
"Shakerag Blue",8383,simple,publish,https://fireflyfarms.com/product/shakerag/,198715544855-1,8.99,8.99,0.00,,,,1,,,,4,,,taxable,,,,0.00,,,"{""length"":""2"",""width"":""4"",""height"":""2""}",,,hidden,"2025-05-01 11:26:22","2025-10-04 11:11:07",https://fireflyfarms.com/wp-content/uploads/Screenshot-2025-04-16-134310.png,"<p>Fig-leaf wrapped blue soaked in Tennessee whiskey from Sequatchie Cove Creamery. This cheese takes its name from Shakerag Hollow, a place known for moonshining mischief and a bonanza of spring wildflowers.  Luscious fig leaves are steeped in Chattanooga Whiskey, and hand-wrapped around each wheel of Shakerag Blue. <em><br />
</em></p>
<p>1/4 lb wedge.</p>
",,,,2.00,2.00,17.98,0.00,0.00,0.00,0.00,0.00,"2025-05-08 06:08:38","2025-05-28 19:13:48",17.98,2,0.00,0.00,,0.00,17.98,100.00,0.00,0.00
"Green Dirt Prairie Tomme",12550,simple,publish,https://fireflyfarms.com/product/prairie-tomme/,1288629-1-1,24.00,24.00,0.00,,,,,,,,4,,,taxable,,,,0.00,,,"{""length"":""2"",""width"":""4"",""height"":""2""}",,,hidden,"2025-12-10 09:46:24","2026-01-19 17:30:36",https://fireflyfarms.com/wp-content/uploads/43f6afa6e685442e855a8a416697d2ea.png,"<p>Prairie Tomme is a handcrafted, hard sheep cheese, modeled after traditional Paski Sir or Manchego. Made from 100% sheep&#8217;s milk at Green Dirt Farm in Weston, MO. Tasting notes: forest floor earthiness, baked milk, vegetable broth. This cheese has won numerous awards over the years, and for good reason! It&#8217;s one of the best sheep&#8217;s milk cheeses produced in America today.</p>
<p>1/2lb wedge.</p>
",,80,"Other Cheeses",2.00,2.00,43.19,0.00,4.81,0.00,0.00,0.00,"2025-12-14 14:55:55","2025-12-15 14:38:00",43.19,2,0.00,0.00,,0.00,43.19,100.00,0.00,0.00
"Barnacle Foods Spruce Tip Jelly",12713,simple,publish,https://fireflyfarms.com/product/spruce-tip/,853085008146,9.49,9.49,0.00,,,,1,1,46,,3,,,taxable,,,,0.00,,,"{""length"":""1"",""width"":""1"",""height"":""1""}",,,hidden,"2025-12-15 14:37:47","2025-12-15 15:10:39",https://fireflyfarms.com/wp-content/uploads/Screenshot-2024-08-28-171444.png,"<p>The perfect pairing for our Spruce Reserve! Or anything else, really. This jelly a sweet, citrusy, and subtly piney preserve made from the tender, bright green new growth of Sitka spruce trees, wild-harvested in spring for their high Vitamin C content</p>
",,82,"Jams and Sweet Pairings",2.00,2.00,18.98,0.00,0.00,0.00,0.00,0.00,"2025-12-15 15:01:19","2025-12-15 15:01:19",18.98,1,0.00,0.00,,0.00,18.98,100.00,,436.54
"Coffee Blossom Honey",5388,simple,publish,https://fireflyfarms.com/product/coffee-blossom-honey/,198715544855,5.99,5.99,0.00,,,,1,,,,3,,,taxable,,,,0.00,,,"{""length"":""2"",""width"":""8"",""height"":""2""}",,,,"2024-12-20 14:17:01","2025-06-22 12:16:23",https://fireflyfarms.com/wp-content/uploads/fc9f3a0b50798c83afffcd681b61c5ccfc45c0a5449da4dcaeb2248dca4f2bf5.webp,"<p>Guatemalan coffee blossom honey. Subtly sweet with lavender notes. Pairs beautifully with coffee, tea, and cheese!</p>
",,82,"Jams and Sweet Pairings",2.00,1.00,11.98,0.00,0.00,-5.99,-1.00,50.00,"2025-01-04 12:16:45","2025-02-10 09:15:31",5.99,1,0.00,0.00,,0.00,5.99,100.00,0.00,0.00
Herdsman,8385,simple,publish,https://fireflyfarms.com/product/herdsman/,198715544855-1,9.25,9.25,0.00,,,,,,,,4,,,taxable,,,,0.00,,,"{""length"":""2"",""width"":""4"",""height"":""2""}",,,visible,"2025-05-01 11:38:09","2026-02-08 13:00:09",https://fireflyfarms.com/wp-content/uploads/IMG_20190924_105538.jpg,"<p>Herdsman comes to us from award-winning Cherry Grove Farm in Lawrence, NJ. This sustainable farmstead dairy practices rotational grazing on 200 acres of pasture. Herdsman, which is molded in Sicilian <em>incanestrato</em> baskets, is a rustic, natural-rind tomme with a crumbly texture and pleasant acidity. It’s mild-mannered enough, but it still has that raw-milk farmstead intrigue to please serious cheese lovers.</p>
<p>1/4 lb wedge.</p>
",,,,1.00,1.00,9.25,0.00,0.00,0.00,0.00,0.00,"2025-05-28 19:13:48","2025-05-28 19:13:48",9.25,1,0.00,0.00,,0.00,9.25,100.00,0.00,0.00
"Nat's Nuts Vanilla Chai Cashews",9518,simple,publish,https://fireflyfarms.com/product/vanilla-chai-cashews/,A169413-1,6.99,6.99,0.00,,,,1,1,11,,3,,,taxable,,,,0.00,,,"{""length"":""2"",""width"":""8"",""height"":""2""}",,,,"2025-06-22 12:17:51","2025-09-04 23:12:51",https://fireflyfarms.com/wp-content/uploads/Screenshot-2025-06-22-12.19.53-PM.png,"<p>Vanilla Chai Cashews made with an authentic in-house spice blend consisting of: cinnamon, ginger, clove, cardamom, black pepper, nutmeg, and star anise. These spices combine with a perfectly toasted cashew to make an unforgettable snack, and the perfect cheese pairing!</p>
<p>&nbsp;</p>
",,82,"Jams and Sweet Pairings",1.00,1.00,6.99,0.00,0.00,0.00,0.00,0.00,"2025-06-28 09:47:19","2025-06-28 09:47:19",6.99,1,0.00,0.00,,0.00,6.99,100.00,,76.89
"Nat's Nuts Maple Bourbon Almonds",9520,simple,publish,https://fireflyfarms.com/product/maple-bourbon-almonds/,A169413-1,6.99,6.99,0.00,,,,1,1,1,,3,,,taxable,,,,0.00,,,"{""length"":""2"",""width"":""8"",""height"":""2""}",,,,"2025-06-22 12:27:25","2025-09-04 23:12:40",https://fireflyfarms.com/wp-content/uploads/Screenshot-2025-06-22-12.21.54-PM.png,"<p>Maple Bourbon Almonds &#8211; Inspired by a local Maple Farmer who aged syrup in Bourbon Barrels. These make an amazing pairing with aged cheeses like Carpenter&#8217;s Wheel!</p>
<p>&nbsp;</p>
<p>&nbsp;</p>
",,82,"Jams and Sweet Pairings",1.00,1.00,6.99,0.00,0.00,0.00,0.00,0.00,"2025-06-28 09:47:19","2025-06-28 09:47:19",6.99,1,0.00,0.00,,0.00,6.99,100.00,,6.99
"Cheese Wedge Ornament",12547,simple,publish,https://fireflyfarms.com/product/ornament/,2860088,11.99,11.99,0.00,,,,1,1,8,,3,,,taxable,,,,0.00,,,"{""length"":""2"",""width"":""8"",""height"":""2""}",,,hidden,"2025-12-10 09:33:31","2025-12-22 10:00:47",https://fireflyfarms.com/wp-content/uploads/Screenshot-2025-12-10-093515-e1765377378582.png,"<p>This felt ornament from the Silk Road Bazaar is beautifully crafted with intricate details. Display it year round!</p>
<p>Silk Road Bazaar works with women artisans in Kyrgyzstan to handcraft products using natural fibers and eco-friendly resources. All details are hand stitched and embroidered.</p>
<p>Approximately 5-6 inches in length.</p>
<p>&nbsp;</p>
<p>&nbsp;</p>
",,86,"Non-Food Items",1.00,1.00,11.99,0.00,0.00,0.00,0.00,0.00,"2025-12-19 15:50:00","2025-12-19 15:50:00",11.99,1,0.00,0.00,,0.00,11.99,100.00,,95.92
"Blake Hill Gooseberry with Elderflower",13474,simple,publish,https://fireflyfarms.com/product/gooseberry/,GOOSEBERRY,8.99,8.99,0.00,,,,1,1,45,,3,,,taxable,,,,0.00,,,"{""length"":""1"",""width"":""1"",""height"":""1""}",,,visible,"2026-02-06 17:03:08","2026-02-24 21:48:04",https://fireflyfarms.com/wp-content/uploads/Screenshot-2026-02-06-170722.png,"<p>Elegantly aromatic wild elderflowers foraged from Vermont meadows are infused with tart, Vermont gooseberries to create one of the most beloved jam varieties in the English style. A perfect jam for baked goods, cheesecake, upside-down cake, and vanilla ice cream.</p>
",,82,"Jams and Sweet Pairings",1.00,1.00,8.99,0.00,0.00,0.00,0.00,0.00,"2026-02-24 21:48:00","2026-02-24 21:48:00",8.99,1,0.00,0.00,,0.00,8.99,100.00,,404.55
"West Virginia Cherry-Jalapeño Pepper Jam",13476,simple,publish,https://fireflyfarms.com/product/cherry-jalapeno/,630712010914,8.99,8.99,0.00,,,,1,1,45,,3,,,taxable,,,,0.00,,,"{""length"":""1"",""width"":""1"",""height"":""1""}",,,visible,"2026-02-06 17:10:34","2026-02-24 21:48:04",https://fireflyfarms.com/wp-content/uploads/Screenshot-2026-02-06-171403.png,"<p>A local jam from our friends at West Virgina Fruit &amp; Berry and a customer favorite, this Cherry-Jalapeño Jam packs just the right level of heat and pairs perfectly with cheese.</p>
",,82,"Jams and Sweet Pairings",1.00,1.00,8.99,0.00,0.00,0.00,0.00,0.00,"2026-02-24 21:48:00","2026-02-24 21:48:00",8.99,1,0.00,0.00,,0.00,8.99,100.00,,404.55
"Artisan Fruitcake Crisps",13478,simple,publish,https://fireflyfarms.com/product/fruitcake-crisps/,61510,9.00,9.00,0.00,,,,1,1,5,,3,,,taxable,,,,0.00,,,"{""length"":""2"",""width"":""8"",""height"":""2""}",,,visible,"2026-02-06 17:16:13","2026-03-12 20:21:31",https://fireflyfarms.com/wp-content/uploads/original.jpeg,"<p>Spoil yourself and your cheeses with these sophisticated &amp; traditional fruitcake crisps made with fruits &amp; nuts from Rustic Bakery&#8217;s partner family farms.</p>
<p>&nbsp;</p>
<p>&nbsp;</p>
",,79,Crackers,1.00,1.00,9.00,0.00,0.00,0.00,0.00,0.00,"2026-03-12 20:21:29","2026-03-12 20:21:29",9.00,1,0.00,0.00,,0.00,9.00,100.00,,45.00
"Father's Day Gift Box",3470,simple,publish,https://fireflyfarms.com/product/fathers-day-box/,0519fd,49.99,49.99,0.00,,,,1,,,,16,,,taxable,,,,0.00,,,"{""length"":""2"",""width"":""2"",""height"":""6""}",,,hidden,"2023-05-19 16:44:01","2025-09-20 16:03:07",https://fireflyfarms.com/wp-content/uploads/Fathers-day-box-scaled.jpeg,"<div>
<div>Delight dad with two of our heartiest cheeses and some amazing products to go with them, hand-picked by our mongers. Our Spruce Reserve and a wedge of Cabra La Mancha are paired with a White Mountain gin salami and wise goat spicy wild-fermented mustard, all served up on Cradoc&#8217;s sea salted crackers. A little jar of &#8220;Texas bar fight jam&#8221; (peaches and whiskey) adds sweetness to this perfect summer gift.</div>
</div>
<div>______________________________________________</div>
<ul>
<li><em>FireFly Farms Spruce Reserve ~ FireFly Farms Cabra La Mancha ~ Cradoc&#8217;s Sea Salted Crackers ~ White Mountain Gin Salami ~ Round Rock Jelly &amp; Co. Texas Bar Fight Jam ~ Wise Goat Spicy Wild Fermented Mustard  </em></li>
<li><em>Wrapping not as pictured. Order by Tuesday, June 13, 11:59pm EST to ensure delivery by Father&#8217;s  Day, 06/18. </em></li>
<li><em>If one of the items in the collection is unavailable or does not meet our standards, we may need to substitute an item of equal or greater value.</em></li>
</ul>
",,95,Website,0.00,0.00,0.00,0.00,0.00,0.00,0.00,0.00,,,0.00,,0.00,0.00,,0.00,0.00,0.00,0.00,0.00
"Black & Blue (Pre-cut)",3868,simple,publish,https://fireflyfarms.com/product/black-blue-precut/,,21.00,21.00,0.00,,,,,,,,1,,,taxable,,,1,0.00,,,"{""length"":""6"",""width"":""4"",""height"":""2.5""}",,,,"2023-11-07 11:31:32","2024-04-23 05:18:12",https://fireflyfarms.com/wp-content/uploads/FFF-Black-Blue-Packaged-Product-Image-Front.jpg,"<p>When it comes to beautiful blues, goats are the new cows. Well, not quite, but the playing field has been leveled. Black &amp; Blue’s dense, buttery, and stark white interior is as gorgeous to look at as it is to savor—with exactly the right amount of sweetness, making it appealing to just about any level of blue cheese fan.</p>
",,"36
48","Our Cheeses
Award-Winning",0.00,0.00,0.00,0.00,0.00,0.00,0.00,0.00,,,0.00,,0.00,0.00,,0.00,0.00,0.00,0.00,0.00
"Moo & Blue (Pre-cut)",3871,simple,publish,https://fireflyfarms.com/product/moo-blue-precut/,,16.00,16.00,0.00,,,,,,,,1,,,taxable,,,1,0.00,,,"{""length"":""6"",""width"":""4"",""height"":""2.5""}",,,,"2023-11-07 11:39:15","2023-11-07 16:00:51",https://fireflyfarms.com/wp-content/uploads/FFF-Moo-Blue-Packaged-Product-Image-Front.jpg,"<p>With the deep buttery richness of a classic blue cheese, our all cow’s milk blue isn’t bitter like many blue cheeses can be. There’s a lingering sweetness there and a notably clean flavor. Aged for at least 4 months, it may be unique, but it’s still true blue.</p>
",,"36
48","Our Cheeses
Award-Winning",0.00,0.00,0.00,0.00,0.00,0.00,0.00,0.00,,,0.00,,0.00,0.00,,0.00,0.00,0.00,0.00,0.00
"Halloween Sampler",4555,simple,publish,https://fireflyfarms.com/product/halloween-sampler/,1110tof-1,69.00,69.00,0.00,,,,1,,,,37.5,,,taxable,,,,0.00,,,"{""length"":""2"",""width"":""2"",""height"":""4""}",,,,"2024-08-28 16:31:40","2024-10-20 07:50:52",https://fireflyfarms.com/wp-content/uploads/AdobeStock_884152175-scaled.jpeg,"<p>Get ready to make things spooky and delicious with this fun seasonal sampler! Each box contains everything you need to make a Halloween-themed cheeseboard. Decadent Spruce Reserve, haunting White Rock, and a special wedge of our &#8220;Spooky Blue&#8221; (cow&#8217;s milk Moo &amp; Blue cheese). Pair with gorgeous caramels from Big Picture Farm, pumpkin spice popcorn, and wedges of freshly dipped caramel apples (caramel apple dipping kit included &#8212; you provide the apples).</p>
<p>Ships Monday, October 28, unless otherwise specified! (Not available for shipping until mid-October).</p>
<p>1 wheel FireFly Farms Spruce Reserve ~ 1/2 lb FireFly Farms Moo &amp; Blue ~ 1/2lb FireFly Farms White Rock ~ 1 box Big Picture Farm Goat Milk Caramels ~ 1 bag Annie B&#8217;s pumpkin spice popcorn ~ 1 Annie B&#8217;s caramel apple dipping kit</p>
",,64,"Sampler Boxes",0.00,0.00,0.00,0.00,0.00,0.00,0.00,0.00,,,0.00,,0.00,0.00,,0.00,0.00,0.00,0.00,0.00
"Mystery Cheese",4647,simple,publish,https://fireflyfarms.com/product/mystery-cheese/,819crad-1,15.99,15.99,0.00,,,,1,,,,3,,,taxable,,,,0.00,,,"{""length"":""2"",""width"":""8"",""height"":""2""}",,,,"2024-11-02 09:30:23","2025-04-16 12:19:51",https://fireflyfarms.com/wp-content/uploads/AdobeStock_288621493-scaled.jpeg,"<p>Let our mongers choose for you! One piece or one 1/2lb wedge of FireFly cheese.</p>
",,,,0.00,0.00,0.00,0.00,0.00,0.00,0.00,0.00,,,0.00,,0.00,0.00,,0.00,0.00,0.00,0.00,0.00
"Patagonia Rosemary Garlic Organic Crackers",8041,simple,publish,https://fireflyfarms.com/product/patagonia-rosemary-garlic-organic-crackers/,,0.00,0.00,0.00,,,,1,1,28,,4,,,taxable,,,1,0.00,,,"{""length"":""2"",""width"":""6"",""height"":""2""}",,,,"2025-04-16 12:21:50","2025-05-28 20:58:24",https://fireflyfarms.com/wp-content/uploads/39d75a83-8e45-4727-8148-c3fd3dd91e71-53822-00004d372fe228b7_file-scaled.jpeg,,,25,Uncategorized,0.00,0.00,0.00,0.00,0.00,0.00,0.00,0.00,,,0.00,,0.00,0.00,,0.00,0.00,0.00,,0.00
"Girl Meets Dirt Rhubarb Lavender Spoon Preserves",9523,simple,publish,https://fireflyfarms.com/product/rhubarb-lavender-preserves/,198715544855-2,14.00,14.00,0.00,,,,1,,,,3,,,taxable,,,,0.00,,,"{""length"":""2"",""width"":""8"",""height"":""2""}",,,hidden,"2025-06-22 12:29:42","2025-11-22 11:19:58",https://fireflyfarms.com/wp-content/uploads/Screenshot-2024-04-21-071659.png,"<p>A Good Food Awards 2021 Winner &amp; 2019 Finalist</p>
<p>Deep within Orcas Island&#8217;s bucolic Crow Valley, once planted as far as the eye could see in orchard fruit, lies JBS Farm&#8217;s gorgeous patch of rhubarb. Girl Meets Dirt selected their deep red Valentine variety for this batch of preserves – lightly infused with garden grown English culinary lavender buds. Supplemented with the best organic rhubarb from a hop and skip from the ferry landing in the fertile Skagit Valley, this jam is the perfect balance of tart and sweet with just a touch of floral.</p>
<p>This deep pink preserve is gorgeous with soft, creamy cow’s milk cheeses, like our Bloomy Breeze, a buttered baguette, or dolloped over ice cream. Is your mouth watering yet?</p>
",,82,"Jams and Sweet Pairings",0.00,0.00,0.00,0.00,0.00,0.00,0.00,0.00,,,0.00,,0.00,0.00,,0.00,0.00,0.00,0.00,0.00
"Huntsman (Long Clawson)",13506,simple,publish,https://fireflyfarms.com/product/huntsman-long-clawson/,HUNTSMAN,16.00,16.00,0.00,,,,,1,,,4,,,taxable,,,,0.00,,,"{""length"":""2"",""width"":""4"",""height"":""2""}",,,visible,"2026-02-08 13:01:48","2026-02-08 13:12:15",https://fireflyfarms.com/wp-content/uploads/large_66006440-e204-4a98-aafc-5efd3ec680ed.jpeg,"<p>Long Clawson Huntsman is a premium British cheese produced by Long Clawson Dairy in Leicestershire, featuring layers of creamy, mellow Double Gloucester sandwiched with tangy, sharp Blue Stilton. It&#8217;s a firm and smooth, nutty cheese with a contrasting tang of the creamy blue cheese. Not only is it delicious, but the colorful layers make this cheese a great addition to any charcuterie board.</p>
<p>1/2 lb wedge.</p>
",,80,"Other Cheeses",0.00,0.00,0.00,0.00,0.00,0.00,0.00,0.00,,,0.00,,0.00,0.00,,0.00,0.00,0.00,0.00,0.00
